<?xml version='1.0' encoding="utf-8"?>

<toc version="2.0">
  <tocitem target="Index.html">
    VeriStand Model Generation Support
    <tocitem target="Getting-Started.html" image="HelpIcon.GETTING_STARTED">
      Get Started with VeriStand Model Generation Support
    </tocitem>
    <tocitem target="External-Mode.html" image="HelpIcon.USER_GUIDE">
      External Mode
    </tocitem>
    <tocitem target="Compatibility-Considerations.html" image="HelpIcon.USER_GUIDE">
      Compatibility Considerations
    </tocitem>
    <tocitem target="https://github.com/ni/niveristand-model-generation-support-for-simulink/releases/tag/v23.8">
      Release Notes
    </tocitem>
    <tocitem target="Installation-Guide.html">
      Installation
    </tocitem>
    <tocitem target="https://github.com/ni/niveristand-model-generation-support-for-simulink/wiki/Known-Limitations">
      Known Limitations
    </tocitem>
  </tocitem>
</toc>